{
    "loss": 0.6734603643417358,
    "accuracy": 0.48275861144065857
}